# 1:iteration	2:time	3:admconstraints::mcx.min	4:admconstraints::mcx.max	5:admconstraints::mcx.sum	6:admconstraints::mcx.avg	7:admconstraints::mcx.stddev	8:admconstraints::mcx.volume	9:admconstraints::mcx.L1norm	10:admconstraints::mcx.L2norm	11:admconstraints::mcx.maxabs	12:admconstraints::mcx.sumloc[0]	13:admconstraints::mcx.sumloc[1]	14:admconstraints::mcx.sumloc[2]	15:admconstraints::mcy.min	16:admconstraints::mcy.max	17:admconstraints::mcy.sum	18:admconstraints::mcy.avg	19:admconstraints::mcy.stddev	20:admconstraints::mcy.volume	21:admconstraints::mcy.L1norm	22:admconstraints::mcy.L2norm	23:admconstraints::mcy.maxabs	24:admconstraints::mcy.sumloc[0]	25:admconstraints::mcy.sumloc[1]	26:admconstraints::mcy.sumloc[2]	27:admconstraints::mcz.min	28:admconstraints::mcz.max	29:admconstraints::mcz.sum	30:admconstraints::mcz.avg	31:admconstraints::mcz.stddev	32:admconstraints::mcz.volume	33:admconstraints::mcz.L1norm	34:admconstraints::mcz.L2norm	35:admconstraints::mcz.maxabs	36:admconstraints::mcz.sumloc[0]	37:admconstraints::mcz.sumloc[1]	38:admconstraints::mcz.sumloc[2]
0	0.0000000000000000e+00	-6.5878211850638486e-07	6.5878211821803420e-07	-6.9724523876799817e-16	-1.3618071069687452e-24	3.4624833704934812e-12	5.1200000000000048e+08	6.8291313863332256e-16	3.4624833704934812e-12	6.5878211850638486e-07	-5.3392881912625589e-11	4.2492526873818756e-06	1.1700978673392232e-11	-3.6535274795234144e-06	3.6535274799581036e-06	-7.2864014210631770e-16	-1.4231252775514005e-24	9.2718153693911267e-12	5.1200000000000048e+08	1.0448894575348566e-15	9.2718153693911267e-12	3.6535274799581036e-06	6.8136728448884165e-01	-6.0322927208922295e-13	3.5510309970288034e-13	-6.5629822087883593e-07	6.5629822085755232e-07	-1.6805084042688566e-19	-3.2822429770876075e-28	3.4682040956714936e-12	5.1200000000000048e+08	6.6371466262318254e-16	3.4682040956714936e-12	6.5629822087883593e-07	4.4141478666714917e-12	3.5238131856907273e-13	4.6332837740081789e-14
4096	9.0909090909090917e+00	-3.9898520174265484e-06	3.9898508132669474e-06	-4.7618563958498963e-13	-9.3005007731443200e-22	6.3748093635371843e-11	5.1200000000000048e+08	8.6261388763457166e-14	6.3748093635371843e-11	3.9898520174265484e-06	5.2235842436187836e+00	-1.5985848140993270e-01	3.8249201722573289e-09	-4.3193557319596918e-06	4.3193558629467430e-06	-2.7329965869479214e-13	-5.3378839588826540e-22	6.8413291795945283e-11	5.1200000000000048e+08	9.7132286917842305e-14	6.8413291795945283e-11	4.3193558629467430e-06	1.7859653851353112e+00	6.0312976105175657e+00	2.8535241808347322e-09	-3.9938739199810318e-06	3.9938736551187445e-06	-3.5993321656965500e-13	-7.0299456361260679e-22	6.7039144457375360e-11	5.1200000000000048e+08	9.4512254774097863e-14	6.7039144457375360e-11	3.9938739199810318e-06	1.2973010998784673e-08	7.4411687922548708e-10	5.2659658196777510e+00
8192	1.8181818181818183e+01	-4.3091259952790621e-06	4.3091252166923833e-06	-3.5578946828773239e-13	-6.9490130524947664e-22	6.0704031573963297e-11	5.1200000000000048e+08	3.2027770717691577e-13	6.0704031573963297e-11	4.3091259952790621e-06	2.8143371749613744e+00	8.5109196244386265e-01	-4.5256458441889080e-09	-4.3139689420308802e-06	4.3139693732560287e-06	-3.2902129083717908e-13	-6.4261970866636481e-22	6.4425692122842859e-11	5.1200000000000048e+08	3.3829152319468638e-13	6.4425692122842859e-11	4.3139693732560287e-06	5.2977650071441373e-01	-1.5613510261468627e-01	-7.5904760254985604e-10	-3.9510945094665843e-06	3.9510940946726256e-06	-3.4218891415179603e-13	-6.6833772295272602e-22	6.3854487412294350e-11	5.1200000000000048e+08	3.3690522499961089e-13	6.3854487412294350e-11	3.9510945094665843e-06	4.4693259426686893e-08	1.8965926884551010e-08	-8.7465533917370908e-01
12288	2.7272727272727273e+01	-4.4144575349139292e-06	4.4144566663855516e-06	-8.3545099312210772e-13	-1.6317402209416150e-21	2.8325502429742844e-10	5.1200000000000054e+08	1.1669369548624648e-12	2.8325502429742844e-10	4.4144575349139292e-06	-6.0522626166890714e-01	5.6645175036129614e-01	7.5753148753854305e-09	-4.1514385551141156e-06	4.1514380277182142e-06	-2.5306186725131130e-14	-4.9426145947521686e-23	1.4084503363893106e-10	5.1200000000000054e+08	9.0351579615767282e-13	1.4084503363893106e-10	4.1514385551141156e-06	-5.6452675973858357e-01	-1.3771491839060008e+00	9.4949300505353662e-10	-3.8900234500090880e-06	3.8900248545319000e-06	-1.2796837056000283e-13	-2.4993822375000528e-22	2.5862090518013391e-10	5.1200000000000054e+08	1.0384146013090820e-12	2.5862090518013391e-10	3.8900248545319000e-06	1.5408979703313008e-08	1.2030032414678260e-08	-1.0133227750069210e-01
16384	3.6363636363636367e+01	-4.3316884565355078e-06	4.3316883676295778e-06	-5.0465310827630316e-13	-9.8565060210215344e-22	2.8464800310510964e-10	5.1200000000000060e+08	1.5331345843902954e-12	2.8464800310510964e-10	4.3316884565355078e-06	1.2294744020430737e-03	-1.8269496240921396e-01	-9.8052361015288358e-07	-3.8155500221589785e-06	3.8155503784175116e-06	-4.5079450646667721e-13	-8.8045802044272794e-22	1.7315425688656806e-10	5.1200000000000060e+08	1.2286114761928102e-12	1.7315425688656806e-10	3.8155503784175116e-06	-3.7692398518611239e-03	3.7445290047905549e-01	-5.1948959418901541e-07	-3.7828016161874034e-06	3.7828016336582622e-06	-6.8594804315813551e-13	-1.3397422717932318e-21	2.7475897146330246e-10	5.1200000000000060e+08	1.5311156169955216e-12	2.7475897146330246e-10	3.7828016336582622e-06	1.8587120103469301e-07	1.2076793569348876e-07	1.1192476908846846e-01
20480	4.5454545454545460e+01	-4.1104298505597661e-06	4.1104286228039278e-06	8.9457514899031866e-13	1.7472170878717146e-21	2.3152549579141179e-10	5.1200000000000048e+08	1.3984545916994940e-12	2.3152549579141179e-10	4.1104298505597661e-06	-4.3789254301738534e-01	4.7522700756848046e-01	-3.1842851175474529e-07	-3.4700341851165933e-06	3.4700353769468645e-06	2.0620021379795126e-12	4.0273479257412320e-21	1.5677408861441104e-10	5.1200000000000048e+08	1.1444103984750305e-12	1.5677408861441104e-10	3.4700353769468645e-06	3.1210059601028689e-01	-1.9378535496472010e-01	2.8613847682934512e-07	-3.5126258388747283e-06	3.5126250566252279e-06	1.9511955341510812e-12	3.8109287776388267e-21	2.2406056591996751e-10	5.1200000000000048e+08	1.4065719643131656e-12	2.2406056591996751e-10	3.5126258388747283e-06	6.7613352367629220e-07	7.4718970816123331e-08	-3.0115538261268820e-01
24576	5.4545454545454547e+01	-4.2533828155823087e-06	4.2533823196490336e-06	-1.5829461997742933e-12	-3.0916917964341637e-21	1.7483379106015638e-10	5.1200000000000048e+08	1.1167587397517006e-12	1.7483379106015638e-10	4.2533828155823087e-06	1.9250008936044938e-01	9.5736481705396489e-03	1.2507137313287620e-06	-3.7542904784194674e-06	3.7542901726234172e-06	-1.3824522992194482e-12	-2.7001021469129823e-21	1.2882777494025665e-10	5.1200000000000048e+08	9.7482324000498899e-13	1.2882777494025665e-10	3.7542904784194674e-06	5.1909374094150564e-02	1.1035320236658547e-01	5.7176565091549003e-07	-3.6714928386737211e-06	3.6714928494480031e-06	-9.6173087380549372e-13	-1.8783806129013531e-21	1.6770696869970990e-10	5.1200000000000048e+08	1.1004931688145176e-12	1.6770696869970990e-10	3.6714928494480031e-06	-2.0574951911170314e-06	-2.4478161680940858e-07	2.2648251035882201e-02
28672	6.3636363636363640e+01	-4.2787334826607106e-06	4.2787335969957047e-06	2.3331438231165627e-13	4.5569215295245314e-22	1.3098951567091721e-10	5.1200000000000054e+08	8.4053448643055040e-13	1.3098951567091721e-10	4.2787335969957047e-06	-4.3936907531519728e-02	4.5990937252528716e-02	2.5126792552003507e-09	-3.9798990937080236e-06	3.9798988129461224e-06	1.6351750754650511e-13	3.1937013192676743e-22	1.1355529887498315e-10	5.1200000000000054e+08	8.0014764769962489e-13	1.1355529887498315e-10	3.9798990937080236e-06	8.9352167335981947e-02	-1.4563992090583268e-02	3.0923843711422316e-09	-3.8235026821054489e-06	3.8235027949816312e-06	9.0839562601952630e-14	1.7742102070693854e-22	1.2357180696581995e-10	5.1200000000000054e+08	8.0181881207560791e-13	1.2357180696581995e-10	3.8235027949816312e-06	2.4248930211023811e-08	-4.2416082479679318e-08	1.5411646314593569e-02
32768	7.2727272727272734e+01	-4.1010742823757109e-06	4.1010727884295791e-06	-2.0229665687011237e-13	-3.9511065794943778e-22	1.6183293597249406e-10	5.1200000000000054e+08	9.0214987008454532e-13	1.6183293597249406e-10	4.1010742823757109e-06	1.3921739887845869e-01	9.3787836428887716e-03	2.0352970142578641e-09	-4.1238280332546915e-06	4.1238275719647514e-06	-9.9617684842226092e-14	-1.9456579070747263e-22	1.2376167127688249e-10	5.1200000000000054e+08	7.8175504413864217e-13	1.2376167127688249e-10	4.1238280332546915e-06	-5.0874313823198819e-02	6.8211821761588548e-02	-4.1325445964551788e-09	-3.8565027355860144e-06	3.8565021738838048e-06	-3.0982400779511611e-14	-6.0512501522483554e-23	1.1543514600925024e-10	5.1200000000000054e+08	7.1440902023027689e-13	1.1543514600925024e-10	3.8565027355860144e-06	4.6881045295821266e-09	-5.2700493483048838e-09	5.9010991460851552e-03
36864	8.1818181818181827e+01	-3.7340318307722503e-06	3.7340332632685431e-06	-4.4999066203533751e-14	-8.7888801178776776e-23	7.3543077278594568e-10	5.1200000000000048e+08	4.1957360762589299e-12	7.3543077278594568e-10	3.7340332632685431e-06	-3.8437032985405484e-01	1.4115521864451350e-01	2.7125999418550761e-07	-4.1555165511882402e-06	4.1555165022580039e-06	2.6246515269327808e-14	5.1262725135405826e-23	1.1159429926172634e-09	5.1200000000000048e+08	5.2322619139999742e-12	1.1159429926172634e-09	4.1555165511882402e-06	-2.4850590001753964e-02	-7.0813927547428468e-01	-2.3891912869639098e-07	-3.6831590483128070e-06	3.6831595211791083e-06	-2.3562618531119094e-15	-4.6020739318591934e-24	5.5138282064559168e-10	5.1200000000000048e+08	3.2921018716999443e-12	5.5138282064559168e-10	3.6831595211791083e-06	6.4795255952376785e-08	-7.5182736513496051e-07	-2.7275594842262441e-01
40960	9.0909090909090921e+01	-3.3304110207075415e-06	3.3304112245736225e-06	-5.8964396136996361e-14	-1.1516483620507092e-22	1.0475125473188533e-09	5.1200000000000048e+08	7.5289379806192694e-12	1.0475125473188533e-09	3.3304112245736225e-06	-5.6513850351935874e-02	-1.4189931525140986e-01	9.7225767785313888e-07	-3.8478011402415739e-06	3.8478010418274391e-06	-3.6031866780614902e-14	-7.0374739805888417e-23	1.4835355275673211e-09	5.1200000000000048e+08	9.2387942899949602e-12	1.4835355275673211e-09	3.8478011402415739e-06	-2.4497713783110178e-01	-1.9263865410557912e-01	-1.2745950039583231e-06	-3.4272010245272974e-06	3.4272003752198857e-06	-7.7352859699703937e-14	-1.5107980410098410e-22	8.2132879467010983e-10	5.1200000000000048e+08	5.8633039395940361e-12	8.2132879467010983e-10	3.4272010245272974e-06	8.7334249249115814e-07	1.4330869359931164e-05	-7.2476861157037331e-02
45056	1.0000000000000001e+02	-3.6078054225244413e-06	3.6078048126794903e-06	-2.9220375102304193e-15	-5.7071045121687813e-24	1.0623077377160616e-09	5.1200000000000054e+08	8.8885443976267826e-12	1.0623077377160616e-09	3.6078054225244413e-06	-1.9582968857319858e+00	1.3833409310590596e+00	1.7528690623991316e-08	-4.0328776614463391e-06	4.0328771115431476e-06	2.7139138917935124e-15	5.3006130699091980e-24	1.5474706159082917e-09	5.1200000000000054e+08	1.1122989485094958e-11	1.5474706159082917e-09	4.0328776614463391e-06	7.9212331816065784e-01	-1.9997380164616301e+00	9.8998512784720383e-07	-3.5477257385222029e-06	3.5477254596080596e-06	-1.6692512172858387e-15	-3.2602562837614004e-24	8.0349943008454438e-10	5.1200000000000054e+08	6.5719110355716471e-12	8.0349943008454438e-10	3.5477257385222029e-06	-1.4811237791789722e-09	1.7855401199806664e-06	-6.7861916065023786e-01
49152	1.0909090909090909e+02	-3.9233679429522950e-06	3.9233688602525798e-06	9.1058959011307630e-14	1.7784952931896003e-22	9.6875236231352425e-10	5.1200000000000054e+08	8.2190764456645979e-12	9.6875236231352425e-10	3.9233688602525798e-06	1.0112622833236018e+00	7.6407296901514143e-01	2.9864028368298268e-09	-4.2403893536445445e-06	4.2403901184201724e-06	-1.1841171625040850e-13	-2.3127288330157884e-22	1.4740986418797945e-09	5.1200000000000054e+08	1.0677905369218139e-11	1.4740986418797945e-09	4.2403901184201724e-06	-1.8247587166911250e+00	-1.6458640123878050e+00	-3.3980009639389408e-09	-3.6509311820984772e-06	3.6509312529685766e-06	-1.6905921912160871e-13	-3.3019378734689165e-22	6.9315482057861676e-10	5.1200000000000054e+08	5.9300712075849642e-12	6.9315482057861676e-10	3.6509312529685766e-06	3.0243320875422697e-08	1.7872059360213299e-08	-2.1871715858791607e-01
53248	1.1818181818181819e+02	-4.0531728346795059e-06	4.0531726461984180e-06	-1.9373290135755311e-14	-3.7838457296397049e-23	8.8999176167677423e-10	5.1200000000000054e+08	7.6231877589384574e-12	8.8999176167677423e-10	4.0531728346795059e-06	7.8053966375804151e-01	8.1008277488441460e-01	-1.9178493237959060e-09	-3.9151428724061926e-06	3.9151425832008137e-06	6.4209420658038752e-14	1.2540902472273180e-22	1.4008702158392045e-09	5.1200000000000054e+08	1.0347185819315502e-11	1.4008702158392045e-09	3.9151428724061926e-06	-5.4980708866284955e-01	-1.4329384199622652e+00	9.4278105322587180e-09	-3.5992819203323970e-06	3.5992817018552869e-06	-3.8869057847551805e-14	-7.5916128608499534e-23	5.8857526580868873e-10	5.1200000000000054e+08	5.0674889380116258e-12	5.8857526580868873e-10	3.5992819203323970e-06	-2.3193597709081359e-08	-1.3985745062061739e-08	-6.3261464757458485e-01
57344	1.2727272727272728e+02	-3.9854083413461219e-06	3.9854082337230795e-06	-6.7779534087641750e-14	-1.3238190251492514e-22	7.7381947304567275e-10	5.1200000000000054e+08	6.1619657582472373e-12	7.7381947304567275e-10	3.9854083413461219e-06	-4.9551931145622075e-01	2.1650099642443321e-01	1.7415168588191809e-06	-3.5003175687120548e-06	3.5003172158816085e-06	-2.5898032362300233e-16	-5.0582094457617591e-25	1.2620294207738102e-09	5.1200000000000054e+08	8.5765729434562067e-12	1.2620294207738102e-09	3.5003175687120548e-06	7.5015510860019383e-02	1.6554274865832521e+00	1.0145530049410212e-06	-3.5110343756455041e-06	3.5110342780187829e-06	3.6840700024255691e-14	7.1954492234874318e-23	4.8605713003302396e-10	5.1200000000000054e+08	4.0193183130834076e-12	4.8605713003302396e-10	3.5110343756455041e-06	-8.1343187414983920e-07	-3.3122273271346536e-07	-2.6397753627572886e-02
61440	1.3636363636363637e+02	-3.7822716636656154e-06	3.7822713423755361e-06	4.9745243799301404e-14	9.7158679295510468e-23	6.1283847779959491e-10	5.1200000000000048e+08	4.4964564858088817e-12	6.1283847779959491e-10	3.7822716636656154e-06	2.7304090795177233e-02	1.2477323639845758e-01	5.3685052882890272e-06	-3.1102064534436067e-06	3.1102057679621250e-06	-1.4543028426346671e-14	-2.8404352395208318e-23	9.9860176324456325e-10	5.1200000000000048e+08	6.1960041109963838e-12	9.9860176324456325e-10	3.1102064534436067e-06	6.6738906690459621e-02	2.6085440532851922e-01	-5.4705763092091630e-07	-3.3487482721825724e-06	3.3487483401581400e-06	1.1741044537972277e-13	2.2931727613227080e-22	3.6841572125049661e-10	5.1200000000000048e+08	2.9316994069657301e-12	3.6841572125049661e-10	3.3487483401581400e-06	-6.5142213623910900e-06	1.8987242496673606e-07	1.7016563804056292e-02
65536	1.4545454545454547e+02	-3.9928362763475359e-06	3.9928341039204214e-06	1.1809114773767416e-13	2.3064677292514461e-22	3.7278379028782645e-10	5.1200000000000054e+08	2.5998696791508914e-12	3.7278379028782645e-10	3.9928362763475359e-06	-1.1467581889791473e-01	4.6767981017937728e-02	-1.2601977129688899e-05	-3.5909217441041930e-06	3.5909224546199948e-06	1.1829662141353559e-14	2.3104808869831144e-23	5.5261412023443557e-10	5.1200000000000054e+08	3.4956465615684985e-12	5.5261412023443557e-10	3.5909224546199948e-06	-1.2055929246388802e-01	3.4616560617269604e-01	6.0578123583371335e-07	-3.5177010632079059e-06	3.5177003412758042e-06	5.0322878764714422e-14	9.8286872587332752e-23	2.2560891495105736e-10	5.1200000000000054e+08	1.7663011318473021e-12	2.2560891495105736e-10	3.5177010632079059e-06	6.9553797152357988e-05	3.8535998830857565e-06	1.4580530179033130e-02
69632	1.5454545454545456e+02	-3.9800372596795396e-06	3.9800367195678220e-06	6.3322438248860149e-15	1.2367663720480487e-23	1.0989650513028196e-10	5.1200000000000048e+08	1.0666934546943145e-12	1.0989650513028196e-10	3.9800372596795396e-06	8.6421319659436106e-03	1.4624559359146333e-02	5.4644065244913165e-09	-3.8926729561432932e-06	3.8926726477987262e-06	1.2917523750281086e-13	2.5229538574767724e-22	1.6599780971647910e-10	5.1200000000000048e+08	1.5605016981885533e-12	1.6599780971647910e-10	3.8926729561432932e-06	-2.7891047683690634e-02	6.3214891625946845e-02	-4.8861250549064872e-10	-3.5872250747386541e-06	3.5872258185919850e-06	-4.9142140511928141e-14	-9.5980743187359564e-23	7.4803542319916760e-11	5.1200000000000048e+08	7.0192365620855584e-13	7.4803542319916760e-11	3.5872258185919850e-06	1.9175188936682019e-08	-1.9273409729292368e-08	2.2879714619027394e-02
73728	1.6363636363636365e+02	-3.5935821775778165e-06	3.5935821177531483e-06	-1.4798732850046167e-14	-2.8903775097746393e-23	5.1538004405439141e-11	5.1200000000000054e+08	4.7731482448296170e-13	5.1538004405439141e-11	3.5935821775778165e-06	-7.6475731488928472e-03	3.5537182789258902e-03	3.8992033974056053e-07	-3.9548904810804797e-06	3.9548911790092296e-06	-9.4963390945356863e-14	-1.8547537294014993e-22	7.4321942293953214e-11	5.1200000000000054e+08	7.6355297391165560e-13	7.4321942293953214e-11	3.9548911790092296e-06	-3.9580792069386105e-02	2.5158743022303608e-02	-3.1191705007109841e-06	-3.5123067584353165e-06	3.5123070657114377e-06	-1.3916608746567308e-13	-2.7180876458139245e-22	3.9874761464583344e-11	5.1200000000000054e+08	3.3255196003693942e-13	3.9874761464583344e-11	3.5123070657114377e-06	3.3026890583487400e-08	4.8438095437003392e-06	1.1100300651721216e-02
77824	1.7272727272727275e+02	-3.2066087033143300e-06	3.2066096934659560e-06	8.2897049904969442e-14	1.6190830059564329e-22	4.4105474295820716e-10	5.1200000000000048e+08	1.8153475860668041e-12	4.4105474295820716e-10	3.2066096934659560e-06	-3.7509157315875780e-01	-2.0855273768168189e-02	-4.4970721433078287e-06	-3.7530866889955514e-06	3.7530860793379142e-06	-1.7207338798199551e-15	-3.3608083590233466e-24	1.0536132378509676e-09	5.1200000000000048e+08	2.9370582198803552e-12	1.0536132378509676e-09	3.7530866889955514e-06	1.3327694527418599e-01	1.0455590011837506e+00	8.4751994174528389e-05	-3.2715658527115534e-06	3.2715652563487738e-06	-1.0636588113652028e-13	-2.0774586159476598e-22	3.6314376473788892e-10	5.1200000000000048e+08	1.0869528385372016e-12	3.6314376473788892e-10	3.2715658527115534e-06	1.7081678709701675e-07	5.2058976386340494e-05	-1.4678144687260619e-01
81920	1.8181818181818184e+02	-3.3925030807113377e-06	3.3925029785906616e-06	6.9631190461987014e-17	1.3599841887106825e-25	1.6510420413978675e-09	5.1200000000000054e+08	1.1405410592298712e-11	1.6510420413978675e-09	3.3925030807113377e-06	-4.0656536215463684e-01	-1.3056549498000652e-01	-2.9338917822974153e-07	-3.7922574331447581e-06	3.7922568980231763e-06	-4.8536075467975684e-14	-9.4797022398389906e-23	3.3930938139649572e-09	5.1200000000000054e+08	2.0852650897979330e-11	3.3930938139649572e-09	3.7922574331447581e-06	-1.5266518912568142e-01	2.1643658459354058e+00	2.5030334905862262e-06	-3.4069222855932117e-06	3.4069215839263804e-06	6.8463077817614709e-14	1.3371694886252859e-22	1.3450787456472833e-09	5.1200000000000054e+08	8.8102709634067135e-12	1.3450787456472833e-09	3.4069222855932117e-06	-1.0800675270816740e-08	-1.3372054665922173e-06	-2.0808454671136198e+00
86016	1.9090909090909093e+02	-3.7835534840735791e-06	3.7835540892916126e-06	8.0568269612314725e-14	1.5735990158655203e-22	2.3052665254377042e-09	5.1200000000000054e+08	2.0863060377199237e-11	2.3052665254377042e-09	3.7835540892916126e-06	-3.0315784110497903e+00	2.5363658481897045e-01	2.0593801386414867e-09	-3.9004124260440982e-06	3.9004121803670326e-06	-5.9029427938554757e-14	-1.1529185144248963e-22	3.9279077171638985e-09	5.1200000000000054e+08	3.2795343961883407e-11	3.9279077171638985e-09	3.9004124260440982e-06	3.4373026690125092e+00	-3.4403632499914600e+00	-6.3785337012234322e-09	-3.5254367132420225e-06	3.5254366895421372e-06	1.8718913138288107e-14	3.6560377223218920e-23	1.5625176452426831e-09	5.1200000000000054e+08	1.3067364860656290e-11	1.5625176452426831e-09	3.5254367132420225e-06	1.2078423095029933e-08	1.6460336649259943e-08	6.3501377817900440e-02
90112	2.0000000000000003e+02	-3.9009679414686515e-06	3.9009685896961305e-06	1.1837050979159047e-13	2.3119240193669995e-22	2.3683786300196992e-09	5.1200000000000048e+08	2.4650049354942593e-11	2.3683786300196992e-09	3.9009685896961305e-06	-7.4072490465637868e+00	-1.0220561742649303e+00	1.0435100324301949e-04	-3.6796084226430472e-06	3.6796078985026979e-06	-1.9897262006421390e-13	-3.8861839856291744e-22	3.8562125848163089e-09	5.1200000000000048e+08	3.6719611183587178e-11	3.8562125848163089e-09	3.6796084226430472e-06	2.5002737439944864e+00	-1.4656775807263289e+01	1.1497409576621820e-05	-3.4432001862260968e-06	3.4432004047412746e-06	1.6590149257622241e-13	3.2402635268793410e-22	1.5487176063748151e-09	5.1200000000000048e+08	1.5383134601261673e-11	1.5487176063748151e-09	3.4432004047412746e-06	-3.6735312743063631e-05	8.3058199651375730e-08	-1.5009697321431532e+00
94208	2.0909090909090912e+02	-3.3873807913677557e-06	3.3873800971879694e-06	1.9000906669461651e-13	3.7111145838792246e-22	2.3094539272654886e-09	5.1200000000000054e+08	2.1074624784494046e-11	2.3094539272654886e-09	3.3873807913677557e-06	1.5249161004411413e+00	-6.3426424007237276e+00	-3.8296533429504898e-04	-2.8946490563276805e-06	2.8946488433723201e-06	-3.3636464382043318e-14	-6.5696219496178290e-23	2.9435032842224131e-09	5.1200000000000054e+08	2.4046595552483204e-11	2.9435032842224131e-09	2.8946490563276805e-06	5.6233036810939385e-01	3.0188736698015508e+00	2.7707030820778300e-06	-2.8529419178200242e-06	2.8529415071518422e-06	-3.5204261381038826e-14	-6.8758323009841385e-23	1.5342911779966932e-09	5.1200000000000054e+08	1.4241848934472450e-11	1.5342911779966932e-09	2.8529419178200242e-06	9.8670562813207852e-05	-4.6214774818142956e-07	-4.3738185615217624e+00
98304	2.1818181818181819e+02	-3.8348605334674963e-06	3.8348597587790918e-06	-9.1119806470106590e-14	-1.7796837201192676e-22	2.0243669066466679e-09	5.1200000000000054e+08	2.0770626786202081e-11	2.0243669066466679e-09	3.8348605334674963e-06	5.3248369168249416e+00	-1.2314710292738351e+01	7.1394526364509936e-05	-5.3986638295961389e-06	5.3986633052396839e-06	1.3733241296552332e-13	2.6822736907328746e-22	2.9287842859633724e-09	5.1200000000000054e+08	2.7095028347552460e-11	2.9287842859633724e-09	5.3986638295961389e-06	4.1729769160484977e+00	1.6007643271328937e+00	-1.4928363101240905e-07	-3.2300748525331738e-06	3.2300742534429164e-06	-9.4272507145500353e-14	-1.8412599051855518e-22	1.3212832103253289e-09	5.1200000000000054e+08	1.2459999598376953e-11	1.3212832103253289e-09	3.2300748525331738e-06	3.9701598550934136e-06	-7.2894388303268443e-08	6.6037167543820530e-01
102400	2.2727272727272728e+02	-4.3548742168745565e-06	4.3548746629847522e-06	-6.1134116771167403e-14	-1.1940257181868621e-22	1.6243208830946576e-09	5.1200000000000048e+08	1.5580937201297863e-11	1.6243208830946576e-09	4.3548746629847522e-06	6.8825006023231350e-01	-3.9313553914673345e+00	-4.6452602875390880e-10	-3.8207943337969924e-06	3.8207941859156057e-06	-6.7652182684022066e-15	-1.3213316930473048e-23	2.2447115019060258e-09	5.1200000000000048e+08	1.8693308284103478e-11	2.2447115019060258e-09	3.8207943337969924e-06	-8.2620785026355059e-02	-2.3106254202623402e-01	-5.8162404892314612e-09	-3.2932232098117679e-06	3.2932233735709850e-06	3.4176671502616010e-14	6.6751311528546836e-23	1.0972622423153772e-09	5.1200000000000048e+08	1.0076795916785224e-11	1.0972622423153772e-09	3.2932233735709850e-06	3.5090764516354511e-08	-3.2332288291136990e-08	-1.3872734971981688e+00
106496	2.3636363636363637e+02	-3.5046358490084523e-06	3.5046360132842469e-06	3.4718925054789268e-14	6.7810400497635220e-23	1.1733378076117697e-09	5.1200000000000054e+08	1.0005622768176746e-11	1.1733378076117697e-09	3.5046360132842469e-06	6.0071430724122676e-01	-4.5669267224006443e-01	6.8437790556874489e-07	-3.7879794566086385e-06	3.7879789988205338e-06	-6.0099532094666161e-14	-1.1738189862239472e-22	1.4197640022022773e-09	5.1200000000000054e+08	1.0015783004177933e-11	1.4197640022022773e-09	3.7879794566086385e-06	-4.0036689214274779e-02	7.7226122592978041e-01	5.4177128713805978e-08	-3.4218170061222299e-06	3.4218172206601629e-06	-1.0109244713042698e-13	-1.9744618580161497e-22	7.9667000403742370e-10	5.1200000000000054e+08	7.0554902407640369e-12	7.9667000403742370e-10	3.4218172206601629e-06	1.1391332003576893e-06	2.0811027552816719e-05	-5.3266663426197658e-01
110592	2.4545454545454547e+02	-2.9654850977353121e-06	2.9654845316262675e-06	4.1161828652036374e-14	8.0394196586008445e-23	6.3661476467556991e-10	5.1200000000000060e+08	5.0747949851481091e-12	6.3661476467556991e-10	2.9654850977353121e-06	1.7375026744624884e-02	7.2765206224558482e-02	-3.4103787392436580e-06	-3.5293411069923453e-06	3.5293409383020675e-06	6.5506207771494351e-14	1.2794181205369976e-22	5.5456298111143113e-10	5.1200000000000060e+08	4.8465785044828024e-12	5.5456298111143113e-10	3.5293411069923453e-06	-1.1448162271036874e-01	-2.7291126022268042e-01	-2.1343264890318070e-05	-3.1646364586342236e-06	3.1646359505638236e-06	-8.7004129283572464e-14	-1.6992994000697726e-22	4.5063539034990530e-10	5.1200000000000060e+08	4.3953881741100474e-12	4.5063539034990530e-10	3.1646364586342236e-06	-3.5193513170661550e-06	-1.5144233966597753e-04	3.3421561140833049e-02
114688	2.5454545454545456e+02	-3.6107155137242253e-06	3.6107157008480797e-06	1.6702190371313715e-14	3.2621465568972068e-23	1.7805968893067991e-10	5.1200000000000048e+08	1.6422045101283833e-12	1.7805968893067991e-10	3.6107157008480797e-06	3.0118098569925228e-01	8.6933953177713047e-02	-1.9961199574751454e-06	-3.8575766494213731e-06	3.8575759800523812e-06	5.3177677952558847e-14	1.0386265225109140e-22	1.6375470535088045e-10	5.1200000000000048e+08	1.6016839630269437e-12	1.6375470535088045e-10	3.8575766494213731e-06	-9.3630001570604360e-02	5.4300025172519070e-02	7.1533033187201611e-06	-3.3899713042982101e-06	3.3899718946007205e-06	1.5836928089188376e-13	3.0931500174196019e-22	1.4379781793888227e-10	5.1200000000000048e+08	1.3807031971721837e-12	1.4379781793888227e-10	3.3899718946007205e-06	2.8086978424296527e-07	-1.5751907963480055e-05	-4.1545463749111347e-02
118784	2.6363636363636368e+02	-3.8264158494350350e-06	3.8264153317181663e-06	9.7571539962312348e-14	1.9056941398889110e-22	9.0354311485323103e-11	5.1200000000000054e+08	9.4636272559220939e-13	9.0354311485323103e-11	3.8264158494350350e-06	2.6102029181269085e-02	5.6640411975183554e-02	1.6778688647200307e-06	-3.6588836697421637e-06	3.6588841366987491e-06	-9.6894306416038197e-14	-1.8924669221882442e-22	1.1694675713918312e-10	5.1200000000000054e+08	1.2744362942672293e-12	1.1694675713918312e-10	3.6588841366987491e-06	-3.5242467576193606e-02	-2.3935314952577509e-02	-6.5195955344793388e-07	-3.4852654677713778e-06	3.4852652114008783e-06	-4.5442997865255625e-15	-8.8755855205577297e-24	7.6456376476884372e-11	5.1200000000000054e+08	8.0174662630390934e-13	7.6456376476884372e-11	3.4852654677713778e-06	1.9174770756885673e-06	2.9121585892744051e-07	1.4450934038703567e-02
122880	2.7272727272727275e+02	-3.6880984299617034e-06	3.6880984050066635e-06	-6.3017991314210904e-15	-1.2308201428556806e-23	8.7135707862062463e-11	5.1200000000000048e+08	9.8070348251939492e-13	8.7135707862062463e-11	3.6880984299617034e-06	5.1966332377229044e-02	5.2515598477253310e-02	2.4780908543615629e-06	-3.1229245418035956e-06	3.1229242648727956e-06	-3.5930638720121488e-14	-7.0177028750237216e-23	1.1706503719330791e-10	5.1200000000000048e+08	1.3410383518852870e-12	1.1706503719330791e-10	3.1229245418035956e-06	-2.7133182476081246e-02	8.6935676462015193e-02	1.6547891150972896e-07	-3.2262307083521291e-06	3.2262307097919326e-06	-4.0979041694875974e-14	-8.0037190810304559e-23	7.5631543063887793e-11	5.1200000000000048e+08	8.4352819230017393e-13	7.5631543063887793e-11	3.2262307097919326e-06	-1.6586283321864959e-06	3.9598007341157260e-07	1.3134245201141183e-02
126976	2.8181818181818187e+02	-3.7665492291736214e-06	3.7665494894992803e-06	-1.4687672214048833e-13	-2.8686859793064091e-22	8.1815148585735470e-11	5.1200000000000060e+08	8.9032862883815956e-13	8.1815148585735470e-11	3.7665494894992803e-06	-3.6837415900594299e-02	6.1855816140873633e-02	6.6552752201604060e-08	-3.3576974594901926e-06	3.3576965620856686e-06	-1.8822243958073080e-14	-3.6762195230611440e-23	1.0804890949350530e-10	5.1200000000000060e+08	1.2012914414170868e-12	1.0804890949350530e-10	3.3576974594901926e-06	-5.0948686954048028e-02	6.1495087973925708e-02	4.9357747917977424e-07	-3.2761849640587864e-06	3.2761854548068785e-06	-2.3940312216365681e-14	-4.6758422297589163e-23	6.9527558945786735e-11	5.1200000000000060e+08	7.4123562950018603e-13	6.9527558945786735e-11	3.2761854548068785e-06	-2.1077333038632684e-08	-8.2314922864035189e-08	2.4582712084999497e-02
131072	2.9090909090909093e+02	-3.7623131897241444e-06	3.7623139457127258e-06	1.2354143036469290e-14	2.4129185618104060e-23	7.0918885067214508e-11	5.1200000000000048e+08	7.6637260660629137e-13	7.0918885067214508e-11	3.7623139457127258e-06	3.5552927853180608e-02	6.6786261550825579e-03	1.2638059435771121e-09	-3.7418771303299621e-06	3.7418760204803375e-06	-3.4098384270707795e-14	-6.6598406778726094e-23	9.5233392894223585e-11	5.1200000000000048e+08	1.0470653307217990e-12	9.5233392894223585e-11	3.7418771303299621e-06	-1.9293844510405789e-01	2.1665208859937068e-01	-1.5370039676762537e-09	-3.3973080694603730e-06	3.3973088912617021e-06	-1.1030929924427455e-14	-2.1544785008647353e-23	6.1983705416824171e-11	5.1200000000000048e+08	6.6580957690774630e-13	6.1983705416824171e-11	3.3973088912617021e-06	2.5721919316712416e-09	5.3766066321347949e-09	5.1684214661223117e-02
135168	3.0000000000000000e+02	-3.3637521053674663e-06	3.3637514270064527e-06	5.8479764118642445e-14	1.1421828929422340e-22	5.9437827740703413e-11	5.1200000000000060e+08	6.2922204165738238e-13	5.9437827740703413e-11	3.3637521053674663e-06	6.6849893275218786e-02	-4.2049838030875933e-02	-4.2550563483702980e-08	-3.6643727563939189e-06	3.6643719809236064e-06	1.2549769149637581e-13	2.4511267870385870e-22	7.6870616341739067e-11	5.1200000000000060e+08	8.3816454295787817e-13	7.6870616341739067e-11	3.6643727563939189e-06	-1.1790942149299671e-01	3.6593373686663544e-02	-6.4861691330547755e-06	-3.2302538742352591e-06	3.2302537393745171e-06	-3.2021008650754074e-14	-6.2541032521003976e-23	5.2731461586223060e-11	5.1200000000000060e+08	5.3271246195774773e-13	5.2731461586223060e-11	3.2302538742352591e-06	-2.4385251873315639e-09	-1.0723309398774639e-05	4.0930955523666929e-03
139264	3.0909090909090912e+02	-3.1040636594689238e-06	3.1040642571823936e-06	1.0017245891778831e-16	1.9564933382380509e-25	4.7294455898840140e-11	5.1200000000000054e+08	4.6050625511024789e-13	4.7294455898840140e-11	3.1040642571823936e-06	4.7164417490799956e-02	2.1273930393635197e-02	-5.6233638641434158e-08	-3.5994432594925938e-06	3.5994428680558342e-06	-9.7752864834726669e-14	-1.9092356413032533e-22	5.8980420642674122e-11	5.1200000000000054e+08	5.9810861970019472e-13	5.8980420642674122e-11	3.5994432594925938e-06	-2.1632374702291748e-02	-1.8073450078377636e-02	-3.1746238717553568e-06	-3.2280220165427945e-06	3.2280215359804370e-06	3.9557147590117788e-14	7.7260053886948725e-23	4.1865248893888312e-11	5.1200000000000054e+08	3.9600556274225518e-13	4.1865248893888312e-11	3.2280220165427945e-06	-1.2656163853042024e-07	-3.9512868859076927e-06	1.1634643274285020e-02
143360	3.1818181818181819e+02	-3.6107937831700535e-06	3.6107936383230040e-06	1.1662107467680884e-13	2.2777553647814205e-22	3.4982559619226407e-11	5.1200000000000048e+08	2.8311520886810486e-13	3.4982559619226407e-11	3.6107937831700535e-06	3.5128103265308394e-02	9.7542385394850974e-03	1.2129697123542532e-07	-3.7624201293701850e-06	3.7624195962473375e-06	1.5602603830574806e-13	3.0473835606591391e-22	4.1303506773849316e-11	5.1200000000000048e+08	3.7131663803785077e-13	4.1303506773849316e-11	3.7624201293701850e-06	5.4526101812602812e-03	-2.4114368892068160e-02	-6.9274838402971425e-07	-3.4151724306101230e-06	3.4151724970049810e-06	1.7430184794230869e-13	3.4043329676232133e-22	3.1537440293007126e-11	5.1200000000000048e+08	2.4140840491993590e-13	3.1537440293007126e-11	3.4151724970049810e-06	2.8524558427084346e-08	1.6034581537607839e-06	9.2673718813975504e-03
147456	3.2727272727272731e+02	-3.7079956099169970e-06	3.7079963844534387e-06	1.7562499742100036e-13	3.4301757308789100e-22	2.7986593866544926e-11	5.1200000000000054e+08	1.8068505806790220e-13	2.7986593866544926e-11	3.7079963844534387e-06	2.9187412696497012e-02	-4.1462511804634186e-04	-1.3769778352164252e-06	-3.3653388533256088e-06	3.3653384014580814e-06	6.9307688991793691e-15	1.3536658006209690e-23	3.2128273668724338e-11	5.1200000000000054e+08	2.5716101483231547e-13	3.2128273668724338e-11	3.3653388533256088e-06	-2.2342211091849678e-02	-7.7856312302001962e-02	-1.9392623880429977e-08	-3.3489815680657129e-06	3.3489817695641844e-06	3.1405899677205106e-14	6.1339647807041153e-23	2.5694010034345585e-11	5.1200000000000054e+08	1.4214751854173134e-13	2.5694010034345585e-11	3.3489817695641844e-06	-5.4925929887650327e-07	-8.7431697597117886e-08	7.2240614339064285e-03
151552	3.3636363636363637e+02	-3.5567116040302267e-06	3.5567118673354442e-06	8.1974869253425924e-16	1.6010716651059736e-24	2.6531035741110516e-11	5.1200000000000048e+08	1.3769725532319781e-13	2.6531035741110516e-11	3.5567118673354442e-06	5.4450390506257655e-02	8.8973576099815599e-04	1.3573439492514661e-06	-2.9915462980851782e-06	2.9915470132841925e-06	-1.4112677032109889e-13	-2.7563822328339602e-22	3.1097355439102359e-11	5.1200000000000048e+08	2.1409853479045225e-13	3.1097355439102359e-11	2.9915470132841925e-06	3.4290023054043069e-03	-6.0664095428999060e-02	8.8076246689168525e-08	-3.0662266768283243e-06	3.0662269763952281e-06	-2.9072713966191719e-15	-5.6782644465218148e-24	2.3906567673314472e-11	5.1200000000000048e+08	8.8972229229875842e-14	2.3906567673314472e-11	3.0662269763952281e-06	4.1398569974177013e-07	-7.5883965833245526e-08	1.0854820321938422e-02
155648	3.4545454545454550e+02	-3.6885100275335841e-06	3.6885087684687569e-06	4.6938336277811210e-14	9.1676438042599933e-23	4.9640721178622485e-11	5.1200000000000048e+08	3.1552702729838557e-13	4.9640721178622485e-11	3.6885100275335841e-06	-1.1540927903135398e-01	1.0509971868364325e-02	-2.0761208502657197e-06	-3.5374126725081465e-06	3.5374123389705294e-06	9.0333038222983539e-14	1.7643171527926456e-22	1.0508162957324412e-10	5.1200000000000048e+08	6.7546668998224881e-13	1.0508162957324412e-10	3.5374126725081465e-06	1.2383196446415796e-03	6.0036745734354260e-02	4.6929412026580630e-08	-3.2807218305982814e-06	3.2807221592928966e-06	-1.0012345922645995e-13	-1.9555363130167942e-22	4.0182610699326567e-11	5.1200000000000048e+08	2.4742584804823288e-13	4.0182610699326567e-11	3.2807221592928966e-06	-3.6072274875453836e-08	-2.0647930726314101e-09	8.7243830051470531e-02
159744	3.5454545454545456e+02	-3.3178759235651108e-06	3.3178750531643871e-06	1.2747460307955454e-13	2.4897383413975464e-22	6.6855034821271368e-11	5.1200000000000060e+08	5.5734455331519654e-13	6.6855034821271368e-11	3.3178759235651108e-06	5.0639468736037641e-02	-3.0363181013487228e-02	-6.2690538173842958e-08	-3.6564884907457596e-06	3.6564884353298818e-06	-9.0743152517802758e-14	-1.7723271976133330e-22	1.1131480150320565e-10	5.1200000000000060e+08	9.0237236300464305e-13	1.1131480150320565e-10	3.6564884907457596e-06	-2.7831095163729253e-02	-4.2481240065847317e-02	1.0953791113477857e-06	-3.2245278538305437e-06	3.2245272411770564e-06	6.9909593780486149e-14	1.3654217535251186e-22	4.2179164417190932e-11	5.1200000000000060e+08	3.3398809674454688e-13	4.2179164417190932e-11	3.2245278538305437e-06	-2.9021805229845210e-08	3.3948877762798868e-08	-4.7840506018441403e-03
163840	3.6363636363636368e+02	-3.0058437388502666e-06	3.0058436380388447e-06	5.1527277453514153e-14	1.0063921377639473e-22	8.3843654188558064e-11	5.1200000000000054e+08	8.1222105729422116e-13	8.3843654188558064e-11	3.0058437388502666e-06	-3.4586607128795777e-01	1.0755942551395919e-01	4.4449051909978277e-07	-3.4438949352547495e-06	3.4438951340812589e-06	-2.8400665743862422e-14	-5.5470050280981240e-23	1.2331695161202967e-10	5.1200000000000054e+08	1.1887517599712832e-12	1.2331695161202967e-10	3.4438951340812589e-06	1.0969255225454774e-01	1.5775537627953237e-01	3.9212440663752290e-06	-2.9857854907166415e-06	2.9857862293352046e-06	-1.7959725639180371e-13	-3.5077589139024124e-22	5.4802505045885821e-11	5.1200000000000054e+08	4.7500745598171869e-13	5.4802505045885821e-11	2.9857862293352046e-06	5.7102723993729398e-08	1.9931169346551481e-07	-9.5788158301501170e-02
167936	3.7272727272727275e+02	-3.5628409296817211e-06	3.5628407328933491e-06	-2.4667784769049142e-14	-4.8179267127285044e-23	3.2126671578730334e-10	5.1199999999749267e+08	2.3420775018136987e-12	3.2126671578730334e-10	3.5628409296817211e-06	-1.1045995341443460e+00	-4.1982184978671525e-02	2.5546807815787775e-06	-3.5033556918119053e-06	3.5033555385934398e-06	-6.9712437862287646e-14	-1.3615710520044734e-22	3.7917770125239293e-10	5.1199999999749267e+08	2.6727090358243684e-12	3.7917770125239293e-10	3.5033556918119053e-06	-2.2784753331211050e-01	1.1150233223428445e+00	-3.4305251279953541e-07	-3.2387475715794331e-06	3.2387481139666822e-06	4.6181976089978115e-14	9.0199172051180228e-23	2.9680807024559423e-10	5.1199999999749267e+08	1.8742612558176267e-12	2.9680807024559423e-10	3.2387481139666822e-06	-1.0679111306963196e-05	-1.1133327853275754e-05	-3.2243730978932039e-01
172032	3.8181818181818187e+02	-3.3892733551198076e-06	3.3892740231723392e-06	-2.1015178800713047e-13	-4.1045271095142628e-22	6.6911608835346299e-10	5.1200000000000054e+08	6.1918072705280004e-12	6.6911608835346299e-10	3.3892740231723392e-06	-1.7912261973617956e+00	2.4768746436405806e-01	4.8720032105875610e-06	-2.8760244964498080e-06	2.8760239834661586e-06	7.6485489491386061e-14	1.4938572166286324e-22	6.4045128049200507e-10	5.1200000000000054e+08	6.1374691843194365e-12	6.4045128049200507e-10	2.8760244964498080e-06	-2.6294329148772766e-01	4.7616830876850136e-01	-4.0403381583453690e-07	-2.8594653837460931e-06	2.8594650395193335e-06	1.6495805033891163e-13	3.2218369206818642e-22	5.5846148280625017e-10	5.1200000000000054e+08	5.0222585317901487e-12	5.5846148280625017e-10	2.8594653837460931e-06	-1.1684182349980254e-06	-1.4584840600517790e-07	6.7699545708180808e-01
176128	3.9090909090909093e+02	-3.4644590097008388e-06	3.4644593973355597e-06	-7.7562285207780773e-14	-1.5148883829644668e-22	8.0187348502563356e-10	5.1200000000000048e+08	9.3719128262744614e-12	8.0187348502563356e-10	3.4644593973355597e-06	-2.8730252038814985e+00	-8.8789338580643495e-01	-1.9679433433006377e-05	-3.2643793192845871e-06	3.2643791282625901e-06	-1.0291248884704892e-13	-2.0100095477939225e-22	7.0293949968990002e-10	5.1200000000000048e+08	8.2035239697564416e-12	7.0293949968990002e-10	3.2643793192845871e-06	-6.9614558627401779e-01	-3.9488371332857675e+00	-5.7818889986904765e-07	-3.0902198719366476e-06	3.0902198252382084e-06	3.3869530579678023e-14	6.6151426913433576e-23	6.3071120227615274e-10	5.1200000000000048e+08	7.2712057545927144e-12	6.3071120227615274e-10	3.0902198719366476e-06	1.1894965269279578e-05	-3.7536629693413204e-08	3.4483029704365102e+00
180224	4.0000000000000006e+02	-2.8531010423305195e-06	2.8531768315266846e-06	5.2468764075047658e-10	1.0247805483407734e-18	7.3440698231253761e-10	5.1200000000000054e+08	8.5954800953157857e-12	7.3440698231253761e-10	2.8531768315266846e-06	2.0086542520392965e+00	3.5017387645130116e-01	-5.3399428265876736e-06	-3.2923223468926166e-06	3.2923232924696184e-06	2.5373775828763350e-10	4.9558155915553371e-19	5.3434033631358327e-10	5.1200000000000054e+08	5.9763019832107937e-12	5.3434033631358327e-10	3.2923232924696184e-06	-2.0201341835245756e-01	-1.9621711365747725e+00	-7.2967267736756547e-05	-2.8331243632616032e-06	2.8331252471122914e-06	5.7825387544691714e-14	1.1294021004822589e-22	5.0901000863963792e-10	5.1200000000000054e+08	5.7162922024540140e-12	5.0901000863963792e-10	2.8331252471122914e-06	-3.9225471517467803e-05	-3.3695086986945677e-05	-1.4452479587209999e-01
184320	4.0909090909090912e+02	-3.1692933850784326e-06	3.1692947433851226e-06	4.3761433939201646e-10	8.5471550662503136e-19	7.5692653790311099e-10	5.1200000000000048e+08	7.2831499989914622e-12	7.5692653790311099e-10	3.1692947433851226e-06	-1.7827835947643957e+00	1.4039726462271473e+00	1.3946374779386095e-04	-3.2589333597625234e-06	3.2589563913586417e-06	-2.0621703729191095e-10	-4.0276765096076321e-19	6.8910777510092992e-10	5.1200000000000048e+08	7.3883878844174793e-12	6.8910777510092992e-10	3.2589563913586417e-06	-1.7368219107209928e+00	-1.6314758234997326e+00	-8.7148166153072637e-05	-2.7966412933313913e-06	2.7966409522272919e-06	-8.6628797126182822e-14	-1.6919686938707567e-22	5.7576076552525129e-10	5.1200000000000048e+08	5.8887543968445992e-12	5.7576076552525129e-10	2.7966412933313913e-06	-9.7029124052183668e-05	-8.2234523076735178e-05	1.9992926563640463e+00
188416	4.1818181818181824e+02	-2.5771706254085682e-06	2.5768065824468899e-06	7.8043967373587131e-10	1.5242962377653721e-18	6.0796282570324508e-10	5.1200000000000054e+08	7.3406510115711711e-12	6.0796282570324508e-10	2.5771706254085682e-06	-2.6234360045146534e+00	2.2873996058028663e+00	3.6280762444607095e-05	-2.2880171294002931e-06	2.2881933504475953e-06	-4.3279502659650249e-10	-8.4530278632129304e-19	4.8119286378530410e-10	5.1200000000000054e+08	5.5434530596935793e-12	4.8119286378530410e-10	2.2881933504475953e-06	-3.7167613156329848e-01	-1.9169287123069532e+00	-5.8008307591839170e-06	-2.0593382817517966e-06	2.0593378583591727e-06	-1.1946322295112999e-13	-2.3332660732642549e-22	4.5878724581813142e-10	5.1200000000000054e+08	5.4123206256157278e-12	4.5878724581813142e-10	2.0593382817517966e-06	-1.7606354005550440e-05	-2.1219102761427244e-05	3.3849739619460215e+00
192512	4.2727272727272731e+02	-2.4536742233590531e-06	2.4535850658785409e-06	1.7092757493761867e-09	3.3384291980003613e-18	4.4192799582397503e-10	5.1200000000000054e+08	4.9327122398675613e-12	4.4192799582397503e-10	2.4536742233590531e-06	-3.3303731567266026e-01	9.5928345707284896e-02	7.9667834347527111e-06	-2.6306353980605342e-06	2.6303926641686179e-06	-3.3755560223562640e-09	-6.5928828561645710e-18	3.6182100605995061e-10	5.1200000000000054e+08	3.8997217052709500e-12	3.6182100605995066e-10	2.6306353980605342e-06	-2.1371095850640098e-01	-7.5771456344268073e-02	3.3170881024932597e-06	-2.0507911817732793e-06	2.0507907577478803e-06	-3.9877565767738876e-15	-7.7885870640114910e-24	3.4449496150221545e-10	5.1200000000000054e+08	3.7657260234698056e-12	3.4449496150221545e-10	2.0507911817732793e-06	-1.0678401347830047e-05	-3.3798970688059260e-06	6.3237641242308917e-01
196608	4.3636363636363637e+02	-1.4319151784369024e-06	1.4320938880569855e-06	1.6125213724604101e-08	3.1494558055876994e-17	2.8956718047982050e-10	5.1199999999984378e+08	2.8552994685286376e-12	2.8956718047982221e-10	1.4320938880569855e-06	1.2880724673038551e+00	5.6246552713094491e-02	1.5527647229986175e-07	-1.3349739141120745e-06	1.3349139389468866e-06	-3.6324996614036644e-09	-7.0947259011811964e-18	2.3401536856709176e-10	5.1199999999984378e+08	2.3906852017188553e-12	2.3401536856709187e-10	1.3349739141120745e-06	3.7102547523674985e-02	-4.2193861713387215e-01	-8.9738277262718658e-06	-1.2721827205991833e-06	1.2721828428459548e-06	1.4903790007680939e-13	2.9108964858760718e-22	2.2764896342581698e-10	5.1199999999984378e+08	2.3670617601037139e-12	2.2764896342581698e-10	1.2721828428459548e-06	-5.1224499506077881e-06	-1.8524275796752421e-05	9.0979363956387491e-02
200704	4.4545454545454550e+02	-4.0751490684049479e-07	4.0752946387089964e-07	-2.5243227824022860e-08	-4.9303179343794600e-17	1.4866104226077973e-10	5.1200000000000048e+08	1.4189547274452051e-12	1.4866104226078789e-10	4.0752946387089964e-07	2.1593831558140714e-01	5.0096299357607267e-02	-1.4609964762227201e-05	-3.8026851980201641e-07	3.8026216050423394e-07	1.1161951565591572e-08	2.1800686651546019e-17	1.2880290925059708e-10	5.1200000000000048e+08	1.4302394016292524e-12	1.2880290925059892e-10	3.8026851980201641e-07	-3.0134700419367930e-02	1.4625768721971272e-01	-9.4964823796409026e-06	-1.5531735454369425e-07	1.5531881106694921e-07	1.5887224736189746e-13	3.1029735812870570e-22	1.2327404545540256e-10	5.1200000000000048e+08	1.3569740577594622e-12	1.2327404545540256e-10	1.5531881106694921e-07	2.5280278087215502e-05	-1.2209577315694387e-05	-2.7693574544137589e-01
204800	4.5454545454545456e+02	-5.0263972218845705e-07	5.0290266671255251e-07	1.7746986338637561e-08	3.4662082692651450e-17	6.4260424459500167e-11	5.1200000000000054e+08	6.8649450166762611e-13	6.4260424459509511e-11	5.0290266671255251e-07	1.3083404445770924e-01	-1.7939947200454878e-03	-2.5732253548862993e-06	-1.0096644876644458e-06	1.0098102814671020e-06	3.3723078906067182e-09	6.5865388488412395e-18	6.9236429204414202e-11	5.1200000000000054e+08	7.8259729724437580e-13	6.9236429204414513e-11	1.0098102814671020e-06	2.7316196009993625e-04	-4.3942149595617014e-02	1.6145743217885200e-06	-2.8759647069328616e-07	2.8759635684822062e-07	6.2085639808674112e-14	1.2126101525131649e-22	5.7688567648192399e-11	5.1200000000000054e+08	6.6298115806661376e-13	5.7688567648192399e-11	2.8759647069328616e-07	-2.3911786260159135e-06	-6.2804198691299162e-07	3.0545241857399499e-02
208896	4.6363636363636368e+02	-3.8798567875644051e-07	3.8798686581138486e-07	3.1796442553383847e-09	6.2102426862077766e-18	3.2743197963379602e-11	5.1200000000000048e+08	3.4055049820835449e-13	3.2743197963380190e-11	3.8798686581138486e-07	2.5254929701303060e-02	2.7836700859104273e-02	-4.3961298729338488e-07	-5.5843967205411094e-07	5.5852185744218213e-07	4.3101143480803085e-10	8.4181920860943450e-19	3.6988596432345499e-11	5.1200000000000048e+08	3.6864271328387766e-13	3.6988596432345506e-11	5.5852185744218213e-07	1.8889773334658251e-02	-6.9524645536928081e-02	-1.3346556420028993e-07	-1.8453392736810438e-07	1.8453266858997384e-07	-1.2866786603795495e-13	-2.5130442585538052e-22	3.0184750611881689e-11	5.1200000000000048e+08	3.1432962600201296e-13	3.0184750611881689e-11	1.8453392736810438e-07	7.3054615097253861e-07	-2.7663104699288121e-07	-5.0866235654304218e-02
212992	4.7272727272727275e+02	-7.3554140031579943e-07	7.3539725456290863e-07	8.1195214931181821e-09	1.5858440416246436e-17	2.1436417047798989e-11	5.1200000000000048e+08	2.1181643483130043e-13	2.1436417047804857e-11	7.3554140031579943e-07	-1.3016052358737191e-02	-1.1651787131646829e-02	8.8258834870548475e-07	-7.0265330618586644e-07	7.0266059448656649e-07	-1.5127877488575041e-08	-2.9546635719873099e-17	2.6078394369495346e-11	5.1200000000000048e+08	2.3465261937450784e-13	2.6078394369512083e-11	7.0266059448656649e-07	-3.3211459370413553e-02	3.0544039608738568e-02	-1.0379752403699705e-06	-2.4872408464491030e-07	2.4872444574695701e-07	-4.5419595191955936e-14	-8.8710146859288858e-23	2.1440586344729738e-11	5.1200000000000048e+08	2.0058128378936998e-13	2.1440586344729738e-11	2.4872444574695701e-07	2.1492284958523483e-06	2.7534821583409010e-07	3.8515255786732172e-03
217088	4.8181818181818187e+02	-7.8820152056214351e-07	7.8819033906440111e-07	-2.1372581774134623e-08	-4.1743323777606644e-17	5.8124198781728061e-11	5.1200000000000048e+08	3.3708671630508984e-13	5.8124198781743054e-11	7.8820152056214351e-07	2.8426645819082034e-03	-4.8578763714717888e-03	2.9154916503884055e-06	-6.7598348271057094e-07	6.7598288007708880e-07	1.5388600799070168e-09	3.0055860935683893e-18	3.0130418404685099e-11	5.1200000000000048e+08	2.4030276259623379e-13	3.0130418404685247e-11	6.7598348271057094e-07	-1.6422279021141274e-02	3.9005362615898371e-03	-1.5240628192716293e-06	-2.5410112338674394e-07	2.5410238166501847e-07	-2.0125315632480833e-13	-3.9307257094689090e-22	5.2541338368486458e-11	5.1200000000000048e+08	2.9544410412222706e-13	5.2541338368486458e-11	2.5410238166501847e-07	-9.4987820535748224e-07	4.1056347244120429e-06	-2.8212372848527103e-03
221184	4.9090909090909093e+02	-7.6294217628344224e-07	7.6294315571880750e-07	-4.2041270319252408e-09	-8.2111856092289782e-18	5.1277632640424206e-11	5.1200000000000048e+08	3.8839735276904170e-13	5.1277632640424866e-11	7.6294315571880750e-07	8.7743905078385837e-03	2.0605144142720251e-02	8.1380850088137724e-07	-7.2006098228313571e-07	7.2005909403341296e-07	2.3854289865336045e-09	4.6590409893234421e-18	5.9921184795040067e-11	5.1200000000000048e+08	4.0682578060216736e-13	5.9921184795040248e-11	7.2006098228313571e-07	-6.2083615220838044e-02	-4.9046579487840936e-03	-1.9292086899228879e-06	-2.2206439484224649e-07	2.2206337302933606e-07	-4.2389757069077882e-14	-8.2792494275542658e-23	5.8763779285495549e-11	5.1200000000000048e+08	3.9561808480151742e-13	5.8763779285495549e-11	2.2206439484224649e-07	4.4863656675046826e-06	-1.0174317325688242e-06	1.1400498840859787e-03
225280	5.0000000000000006e+02	-7.3534082431735883e-07	7.3534094429867446e-07	1.3691355595124876e-09	2.6740928896728249e-18	4.9871154339846785e-11	5.1200000000000048e+08	4.5729241343167370e-13	4.9871154339846856e-11	7.3534094429867446e-07	-2.0898329746017935e-02	1.7691980493508955e-02	-1.7763332194869336e-06	-7.4344084649044985e-07	7.4343157030067977e-07	4.9084721907869434e-10	9.5868597476307397e-19	6.7189808115702181e-11	5.1200000000000048e+08	5.5877282200540531e-13	6.7189808115702181e-11	7.4344084649044985e-07	-7.5554562907898136e-03	-2.4730721037481352e-02	1.9228620360680834e-06	-2.1715188997337938e-07	2.1715176075097228e-07	4.1391850401500409e-14	8.0843457815430407e-23	6.0330422710400247e-11	5.1200000000000048e+08	5.0849845944919172e-13	6.0330422710400247e-11	2.1715188997337938e-07	-5.0194072924863997e-06	-9.3984258290810696e-08	-2.3918840533233076e-02
229376	5.0909090909090912e+02	-7.3273231894124600e-07	7.3273249190437677e-07	8.9221566173251712e-10	1.7426087143213210e-18	5.2649065536857437e-11	5.1200000000000048e+08	5.2970107174188296e-13	5.2649065536857469e-11	7.3273249190437677e-07	-4.5909319894548495e-02	2.3457725250817990e-02	1.4804945353023499e-06	-7.3981564120823223e-07	7.3981584163947808e-07	4.0931738827720214e-10	7.9944802397890972e-19	9.8342587633631846e-11	5.1200000000000048e+08	8.8611768386125343e-13	9.8342587633631846e-11	7.3981584163947808e-07	-4.0458829890725655e-02	-2.3335836922467099e-01	4.8052935242189065e-07	-2.1367177602507045e-07	2.1367075132837779e-07	-2.5214097218402348e-13	-4.9246283629692040e-22	6.1847518797077003e-11	5.1200000000000048e+08	6.0556358142044469e-13	6.1847518797077003e-11	2.1367177602507045e-07	-1.1258246306947162e-06	-1.4312684262201419e-06	-1.2775213674546457e-01
233472	5.1818181818181824e+02	-7.3985455751056955e-07	7.3985681712134007e-07	1.7073479205621748e-10	3.3346639073479944e-19	6.6282041932870770e-11	5.1200000000000048e+08	6.8621574994363888e-13	6.6282041932870770e-11	7.3985681712134007e-07	-1.2438956483199068e-01	1.0286392877451480e-02	-4.3787869583060066e-06	-7.3278240598518171e-07	7.3278240981223485e-07	4.9707834772992068e-11	9.7085614791000047e-20	1.0765908501761087e-10	5.1200000000000048e+08	1.1096311082725596e-12	1.0765908501761087e-10	7.3278240981223485e-07	5.6683165720810740e-03	-1.0459448487717448e-02	-2.1716946303172724e-06	-2.1451715859224327e-07	2.1451645008678409e-07	-1.7314644150682925e-13	-3.3817664356802558e-22	6.0358113272622253e-11	5.1200000000000048e+08	6.0504140732092669e-13	6.0358113272622253e-11	2.1451715859224327e-07	-8.9816053958600983e-07	8.2178971413503915e-07	-2.5785509424739422e-02
237568	5.2727272727272737e+02	-7.3909104757352788e-07	7.3909132397787563e-07	-1.3093621248308105e-10	-2.5573479000601745e-19	6.2359550015909530e-11	5.1200000000000048e+08	6.6996482307396181e-13	6.2359550015909530e-11	7.3909132397787563e-07	8.3197467478807380e-02	-5.2207226103457797e-03	4.8167300119687784e-06	-7.3184150408269257e-07	7.3183929823350693e-07	-1.1609107994364296e-10	-2.2674039051492744e-19	1.0521172944637830e-10	5.1200000000000048e+08	1.1631433407903120e-12	1.0521172944637830e-10	7.3184150408269257e-07	2.1314610054750535e-02	2.7621017425586841e-02	3.9127504337724273e-06	-2.1641226541007951e-07	2.1641287207692862e-07	1.0247587046779364e-13	2.0014818450740926e-22	5.5503692687022510e-11	5.1200000000000048e+08	6.2204142195244030e-13	5.5503692687022510e-11	2.1641287207692862e-07	2.1783342308238224e-06	6.5002472784611576e-08	-1.2989244207816786e-01
241664	5.3636363636363637e+02	-7.1146133161461590e-07	7.1146160753493662e-07	-1.3967914993526093e-11	-2.7281083971730623e-20	6.1321404361018026e-11	5.1200000000000048e+08	6.4782403975213358e-13	6.1321404361018026e-11	7.1146160753493662e-07	-2.2777254647664552e-01	4.5487801609112408e-02	1.5832629055509417e-06	-7.4240876681935446e-07	7.4240666519071202e-07	-2.6005616818068958e-11	-5.0792220347790887e-20	1.0419962155614136e-10	5.1200000000000048e+08	9.7518296469975879e-13	1.0419962155614136e-10	7.4240876681935446e-07	-1.0552326693748326e-01	-1.4599687489278229e-01	1.3717737936402852e-06	-2.1150033442601321e-07	2.1150132683417740e-07	1.5337235867383925e-13	2.9955538803484201e-22	5.0250267062654304e-11	5.1200000000000048e+08	5.1058237878365608e-13	5.0250267062654304e-11	2.1150132683417740e-07	-1.1043598985623765e-06	1.1008537221385284e-07	6.7696181731409302e-03
245760	5.4545454545454550e+02	-7.1428343726000983e-07	7.1428419489556437e-07	3.6790612417362406e-11	7.1856664877660886e-20	7.0413208989831007e-11	5.1200000000000048e+08	6.5665093203024767e-13	7.0413208989831007e-11	7.1428419489556437e-07	9.4453404846585529e-02	1.2481069546826404e-01	-3.3181724890668507e-07	-7.0136127325072883e-07	7.0136144296791965e-07	2.0725854568899140e-11	4.0480184704881095e-20	8.4170174116992318e-11	5.1200000000000048e+08	8.8893958800775623e-13	8.4170174116992318e-11	7.0136144296791965e-07	-2.2999468955825664e-01	-8.3895516209073553e-02	-9.9347500437038661e-07	-2.0717263272976040e-07	2.0717285212392679e-07	-2.1696871170773192e-13	-4.2376701505416348e-22	6.0164043549338842e-11	5.1200000000000048e+08	5.5925130096276625e-13	6.0164043549338842e-11	2.0717285212392679e-07	-4.8911690061874402e-06	-1.1115700517295990e-06	-1.4860852100267752e-01
249856	5.5454545454545462e+02	-7.2251153504514705e-07	7.2251186452689167e-07	2.4801150349269271e-11	4.8439746775916499e-20	9.0164513830767555e-11	5.1200000000000048e+08	8.3473212566557124e-13	9.0164513830767555e-11	7.2251186452689167e-07	-1.0372769622456006e-01	1.4205245794938676e-01	1.0238606058948774e-06	-7.1711877501198436e-07	7.1711881248181419e-07	2.1054123540954436e-11	4.1121335040926594e-20	1.0112998878707241e-10	5.1200000000000048e+08	9.2380534617376523e-13	1.0112998878707241e-10	7.1711881248181419e-07	-1.6757912431993077e-01	-8.7751790755997358e-03	-1.6408884079294889e-06	-2.2886485665981668e-07	2.2886643536698049e-07	1.0899751975353166e-13	2.1288578076861633e-22	1.0049884375820859e-10	5.1200000000000048e+08	8.6981289188198794e-13	1.0049884375820859e-10	2.2886643536698049e-07	-1.5072078593178495e-07	-6.8613525541841303e-06	-4.0197646559654999e-02
253952	5.6363636363636374e+02	-7.4400778803154740e-07	7.4400725047060847e-07	1.1909126393728136e-11	2.3260012487750244e-20	1.1976175567552464e-10	5.1200000000000048e+08	1.1273114285870548e-12	1.1976175567552464e-10	7.4400778803154740e-07	-7.6994500658862132e-04	5.0383555618280243e-02	2.2815726259499403e-07	-7.1423282403478800e-07	7.1423352162674977e-07	7.2409463670471109e-12	1.4142473373138874e-20	1.2729906060231654e-10	5.1200000000000048e+08	1.1959242766659410e-12	1.2729906060231654e-10	7.1423352162674977e-07	-4.1784637635706254e-03	-8.7695036934205793e-03	6.5938801484602405e-07	-2.3865341106794922e-07	2.3865311685186772e-07	1.5902099566479774e-13	3.1058788215780780e-22	1.3534887157499801e-10	5.1200000000000048e+08	1.2455036338830990e-12	1.3534887157499801e-10	2.3865341106794922e-07	1.9828890813547440e-06	3.0711396669033664e-06	3.7997367139831220e-02
258048	5.7272727272727275e+02	-7.2925714572226883e-07	7.2925656751332192e-07	1.1624489599469171e-11	2.2704081248963203e-20	1.2944567742512992e-10	5.1200000000000048e+08	1.3062857043486044e-12	1.2944567742512992e-10	7.2925714572226883e-07	3.5104463587962542e-02	1.2356596891233067e-02	-9.1162019731985677e-06	-7.2887958363989715e-07	7.2888083415494600e-07	2.9168455168540177e-12	5.6969639001054982e-21	1.3159178232050952e-10	5.1200000000000048e+08	1.3224749437208402e-12	1.3159178232050952e-10	7.2888083415494600e-07	-4.9656365442373529e-03	-1.3585935487926902e-02	2.3376455152339728e-06	-2.2224176756630327e-07	2.2224012967306517e-07	-3.5062776385661257e-14	-6.8481985128244576e-23	1.4331756432802516e-10	5.1200000000000048e+08	1.3728130143240760e-12	1.4331756432802516e-10	2.2224176756630327e-07	1.2773871629120220e-06	-1.2599682254390426e-06	-2.6014473781431319e-02
262144	5.8181818181818187e+02	-7.3108184317243184e-07	7.3107966898791477e-07	1.4505206237270938e-11	2.8330480932169777e-20	1.1618114332312635e-10	5.1200000000000048e+08	1.1660824954912948e-12	1.1618114332312635e-10	7.3108184317243184e-07	1.1739772181845909e-02	5.0229198712664826e-02	7.2501286623016109e-06	-7.2731424328381438e-07	7.2731498739512981e-07	4.5338842314900899e-12	8.8552426396290739e-21	1.1963981676458420e-10	5.1200000000000048e+08	1.1841511145629509e-12	1.1963981676458420e-10	7.2731498739512981e-07	-9.5780663815371009e-02	-1.8477155545250517e-02	1.3256242049794822e-05	-2.1773285730192118e-07	2.1773245925281864e-07	-4.3289940698497680e-14	-8.4550665426753204e-23	1.3030038119604034e-10	5.1200000000000048e+08	1.1953840129887331e-12	1.3030038119604034e-10	2.1773285730192118e-07	4.7374827171625666e-07	-2.3797019179077478e-07	6.1331893861949179e-03
266240	5.9090909090909099e+02	-7.4229773931012812e-07	7.4229851701647923e-07	1.3046303064573197e-11	2.5481060672994501e-20	9.0260172389919295e-11	5.1200000000000048e+08	9.4263580620422690e-13	9.0260172389919295e-11	7.4229851701647923e-07	-1.9016645223643575e-03	2.7994213156666593e-02	-2.8742080180908791e-05	-7.3075823998174685e-07	7.3075785920697629e-07	4.9668615512125331e-12	9.7009014672119695e-21	9.0342170045241811e-11	5.1200000000000048e+08	9.4063689292993094e-13	9.0342170045241811e-11	7.3075823998174685e-07	-1.3438105077656585e-02	4.0450084338536103e-03	2.7210381397056033e-06	-2.1988629513099926e-07	2.1988591532407967e-07	-1.7474551720910537e-13	-3.4129983829903361e-22	9.5323917786482815e-11	5.1200000000000048e+08	9.0013366324940596e-13	9.5323917786482815e-11	2.1988629513099926e-07	2.2667327652424810e-06	2.0958077477316837e-06	-2.9276971939826736e-03
270336	6.0000000000000000e+02	-7.3587190415819988e-07	7.3587273476689897e-07	1.3830510953019330e-11	2.7012716705115855e-20	6.3368425508391704e-11	5.1200000000000048e+08	6.7629267661713958e-13	6.3368425508391704e-11	7.3587273476689897e-07	-1.3341505386835831e-03	4.1666985477859728e-02	8.3998888527163362e-06	-7.3170213254702343e-07	7.3170317076330065e-07	4.8214574102504064e-12	9.4169090043953164e-21	6.4483747290057271e-11	5.1200000000000048e+08	6.8904691638875823e-13	6.4483747290057271e-11	7.3170317076330065e-07	-1.9744006770389348e-02	-6.2149660673932964e-03	-4.2292984898514505e-06	-2.2233848932713216e-07	2.2233958216545051e-07	2.5040171369364707e-14	4.8906584705790399e-23	7.0907857778517462e-11	5.1200000000000048e+08	7.1297902858533369e-13	7.0907857778517462e-11	2.2233958216545051e-07	-2.0454679486650584e-07	-1.4632267128283569e-06	-1.7911022327430325e-02
